{
    "kmeans": {
        "ARI": 0.458863343602801,
        "DBI": 0.8651008956019294
    },
    "dbscan": {
        "ARI": 0.26374365609627903,
        "DBI": 0.6047724537513393
    },
    "hierarchical": {
        "ARI": 0.4991785784548169,
        "DBI": 0.8989720674200923
    }
}